,Rank,NOC,Gold,Silver,Bronze,Total,Year,Athlete_Count,Host,game_sum
1347,0.0,Chad,0.0,0.0,0.0,0.0,1992,0.0,0.0,2
1348,0.0,Chad,0.0,0.0,0.0,0.0,1972,0.0,0.0,2
1349,0.0,Chad,0.0,0.0,0.0,0.0,1996,0.0,0.0,1
1350,0.0,Chad,0.0,0.0,0.0,0.0,2016,0.0,0.0,1
1351,0.0,Chad,0.0,0.0,0.0,0.0,1984,0.0,0.0,1
1352,0.0,Chad,0.0,0.0,0.0,0.0,1988,0.0,0.0,1
1353,0.0,Chad,0.0,0.0,0.0,0.0,1964,0.0,0.0,1
1354,0.0,Chad,0.0,0.0,0.0,0.0,1968,0.0,0.0,1
1355,0.0,Chad,0.0,0.0,0.0,0.0,2000,0.0,0.0,1
1356,0.0,Chad,0.0,0.0,0.0,0.0,2004,0.0,0.0,1
1357,0.0,Chad,0.0,0.0,0.0,0.0,2008,0.0,0.0,1
1358,0.0,Chad,0.0,0.0,0.0,0.0,2012,0.0,0.0,2
1359,0.0,Chad,0.0,0.0,0.0,0.0,2020,0.0,0.0,3
1360,0.0,Chad,0.0,0.0,0.0,0.0,2024,0.0,0.0,3
1439,0.0,Nicaragua,0.0,0.0,0.0,0.0,2004,0.0,0.0,3
1440,0.0,Nicaragua,0.0,0.0,0.0,0.0,1976,0.0,0.0,6
1441,0.0,Nicaragua,0.0,0.0,0.0,0.0,2008,0.0,0.0,4
1442,0.0,Nicaragua,0.0,0.0,0.0,0.0,1992,0.0,0.0,6
1443,0.0,Nicaragua,0.0,0.0,0.0,0.0,1996,0.0,0.0,5
1444,0.0,Nicaragua,0.0,0.0,0.0,0.0,1980,0.0,0.0,3
1445,0.0,Nicaragua,0.0,0.0,0.0,0.0,1968,0.0,0.0,3
1446,0.0,Nicaragua,0.0,0.0,0.0,0.0,2012,0.0,0.0,4
1447,0.0,Nicaragua,0.0,0.0,0.0,0.0,1972,0.0,0.0,3
1448,0.0,Nicaragua,0.0,0.0,0.0,0.0,1984,0.0,0.0,2
1449,0.0,Nicaragua,0.0,0.0,0.0,0.0,2000,0.0,0.0,5
1450,0.0,Nicaragua,0.0,0.0,0.0,0.0,2016,0.0,0.0,4
1451,0.0,Nicaragua,0.0,0.0,0.0,0.0,2020,0.0,0.0,6
1452,0.0,Nicaragua,0.0,0.0,0.0,0.0,2024,0.0,0.0,6
1499,0.0,Iraq,0.0,0.0,0.0,0.0,1964,0.0,0.0,3
1500,0.0,Iraq,0.0,0.0,0.0,0.0,2004,0.0,0.0,7
1501,0.0,Iraq,0.0,0.0,0.0,0.0,2016,0.0,0.0,5
1502,0.0,Iraq,0.0,0.0,0.0,0.0,1980,0.0,0.0,5
1503,0.0,Iraq,0.0,0.0,0.0,0.0,1960,0.0,0.0,5
1504,0.0,Iraq,0.0,0.0,0.0,0.0,2008,0.0,0.0,2
1505,0.0,Iraq,0.0,0.0,0.0,0.0,2012,0.0,0.0,7
1506,0.0,Iraq,0.0,0.0,0.0,0.0,1992,0.0,0.0,3
1507,0.0,Iraq,0.0,0.0,0.0,0.0,1988,0.0,0.0,5
1508,0.0,Iraq,0.0,0.0,0.0,0.0,1984,0.0,0.0,4
1509,0.0,Iraq,0.0,0.0,0.0,0.0,1948,0.0,0.0,2
1510,0.0,Iraq,0.0,0.0,0.0,0.0,2000,0.0,0.0,2
1511,0.0,Iraq,0.0,0.0,0.0,0.0,1996,0.0,0.0,3
1512,0.0,Iraq,0.0,0.0,0.0,0.0,1968,0.0,0.0,3
1513,0.0,Iraq,0.0,0.0,0.0,0.0,2020,0.0,0.0,3
1514,0.0,Iraq,0.0,0.0,0.0,0.0,2024,0.0,0.0,5
1595,0.0,Libya,0.0,0.0,0.0,0.0,1996,0.0,0.0,2
1596,0.0,Libya,0.0,0.0,0.0,0.0,1980,0.0,0.0,5
1597,0.0,Libya,0.0,0.0,0.0,0.0,1988,0.0,0.0,3
1598,0.0,Libya,0.0,0.0,0.0,0.0,2004,0.0,0.0,5
1599,0.0,Libya,0.0,0.0,0.0,0.0,2000,0.0,0.0,3
1600,0.0,Libya,0.0,0.0,0.0,0.0,1992,0.0,0.0,4
1601,0.0,Libya,0.0,0.0,0.0,0.0,2008,0.0,0.0,4
1602,0.0,Libya,0.0,0.0,0.0,0.0,2016,0.0,0.0,6
1603,0.0,Libya,0.0,0.0,0.0,0.0,2012,0.0,0.0,3
1604,0.0,Libya,0.0,0.0,0.0,0.0,1968,0.0,0.0,1
1605,0.0,Libya,0.0,0.0,0.0,0.0,2020,0.0,0.0,4
1606,0.0,Libya,0.0,0.0,0.0,0.0,2024,0.0,0.0,5
1619,0.0,Palestine,0.0,0.0,0.0,0.0,2008,0.0,0.0,2
1620,0.0,Palestine,0.0,0.0,0.0,0.0,1996,0.0,0.0,1
1621,0.0,Palestine,0.0,0.0,0.0,0.0,2012,0.0,0.0,3
1622,0.0,Palestine,0.0,0.0,0.0,0.0,2004,0.0,0.0,2
1623,0.0,Palestine,0.0,0.0,0.0,0.0,2016,0.0,0.0,4
1624,0.0,Palestine,0.0,0.0,0.0,0.0,2000,0.0,0.0,2
1625,0.0,Palestine,0.0,0.0,0.0,0.0,2020,0.0,0.0,4
1626,0.0,Palestine,0.0,0.0,0.0,0.0,2024,0.0,0.0,6
1627,0.0,Comoros,0.0,0.0,0.0,0.0,1996,0.0,0.0,1
1628,0.0,Comoros,0.0,0.0,0.0,0.0,2008,0.0,0.0,2
1629,0.0,Comoros,0.0,0.0,0.0,0.0,2012,0.0,0.0,2
1630,0.0,Comoros,0.0,0.0,0.0,0.0,2016,0.0,0.0,2
1631,0.0,Comoros,0.0,0.0,0.0,0.0,2000,0.0,0.0,1
1632,0.0,Comoros,0.0,0.0,0.0,0.0,2004,0.0,0.0,2
1633,0.0,Comoros,0.0,0.0,0.0,0.0,2020,0.0,0.0,2
1634,0.0,Comoros,0.0,0.0,0.0,0.0,2024,0.0,0.0,3
1635,0.0,Brunei,0.0,0.0,0.0,0.0,2016,0.0,0.0,2
1636,0.0,Brunei,0.0,0.0,0.0,0.0,1996,0.0,0.0,1
1637,0.0,Brunei,0.0,0.0,0.0,0.0,2000,0.0,0.0,2
1638,0.0,Brunei,0.0,0.0,0.0,0.0,2004,0.0,0.0,1
1639,0.0,Brunei,0.0,0.0,0.0,0.0,2012,0.0,0.0,2
1640,0.0,Brunei,0.0,0.0,0.0,0.0,2020,0.0,0.0,2
1641,0.0,Brunei,0.0,0.0,0.0,0.0,2024,0.0,0.0,2
1671,0.0,Maldives,0.0,0.0,0.0,0.0,1988,0.0,0.0,1
1672,0.0,Maldives,0.0,0.0,0.0,0.0,2012,0.0,0.0,3
1673,0.0,Maldives,0.0,0.0,0.0,0.0,2000,0.0,0.0,2
1674,0.0,Maldives,0.0,0.0,0.0,0.0,2004,0.0,0.0,2
1675,0.0,Maldives,0.0,0.0,0.0,0.0,1992,0.0,0.0,2
1676,0.0,Maldives,0.0,0.0,0.0,0.0,1996,0.0,0.0,2
1677,0.0,Maldives,0.0,0.0,0.0,0.0,2008,0.0,0.0,2
1678,0.0,Maldives,0.0,0.0,0.0,0.0,2016,0.0,0.0,2
1679,0.0,Maldives,0.0,0.0,0.0,0.0,2020,0.0,0.0,3
1680,0.0,Maldives,0.0,0.0,0.0,0.0,2024,0.0,0.0,4
1738,0.0,Republic of the Congo,0.0,0.0,0.0,0.0,1980,0.0,0.0,3
1739,0.0,Republic of the Congo,0.0,0.0,0.0,0.0,1996,0.0,0.0,3
1740,0.0,Republic of the Congo,0.0,0.0,0.0,0.0,2000,0.0,0.0,3
1741,0.0,Republic of the Congo,0.0,0.0,0.0,0.0,2004,0.0,0.0,4
1742,0.0,Republic of the Congo,0.0,0.0,0.0,0.0,2008,0.0,0.0,3
1743,0.0,Republic of the Congo,0.0,0.0,0.0,0.0,2012,0.0,0.0,3
1744,0.0,Republic of the Congo,0.0,0.0,0.0,0.0,1972,0.0,0.0,1
1745,0.0,Republic of the Congo,0.0,0.0,0.0,0.0,1984,0.0,0.0,2
1746,0.0,Republic of the Congo,0.0,0.0,0.0,0.0,1988,0.0,0.0,1
1747,0.0,Republic of the Congo,0.0,0.0,0.0,0.0,1992,0.0,0.0,2
1748,0.0,Republic of the Congo,0.0,0.0,0.0,0.0,2016,0.0,0.0,5
1749,0.0,Republic of the Congo,0.0,0.0,0.0,0.0,1964,0.0,0.0,1
1750,0.0,Republic of the Congo,0.0,0.0,0.0,0.0,2020,0.0,0.0,2
1751,0.0,Republic of the Congo,0.0,0.0,0.0,0.0,2024,0.0,0.0,3
1762,0.0,Monaco,0.0,0.0,0.0,0.0,1924,0.0,0.0,4
1763,0.0,Monaco,0.0,0.0,0.0,0.0,1936,0.0,0.0,2
1764,0.0,Monaco,0.0,0.0,0.0,0.0,1948,0.0,0.0,1
1765,0.0,Monaco,0.0,0.0,0.0,0.0,1952,0.0,0.0,2
1766,0.0,Monaco,0.0,0.0,0.0,0.0,1984,0.0,0.0,5
1767,0.0,Monaco,0.0,0.0,0.0,0.0,2012,0.0,0.0,6
1768,0.0,Monaco,0.0,0.0,0.0,0.0,1920,0.0,0.0,2
1769,0.0,Monaco,0.0,0.0,0.0,0.0,1928,0.0,0.0,4
1770,0.0,Monaco,0.0,0.0,0.0,0.0,1968,0.0,0.0,1
1771,0.0,Monaco,0.0,0.0,0.0,0.0,1972,0.0,0.0,2
1772,0.0,Monaco,0.0,0.0,0.0,0.0,1976,0.0,0.0,3
1773,0.0,Monaco,0.0,0.0,0.0,0.0,1960,0.0,0.0,3
1774,0.0,Monaco,0.0,0.0,0.0,0.0,1988,0.0,0.0,7
1775,0.0,Monaco,0.0,0.0,0.0,0.0,1964,0.0,0.0,1
1776,0.0,Monaco,0.0,0.0,0.0,0.0,2000,0.0,0.0,4
1777,0.0,Monaco,0.0,0.0,0.0,0.0,2016,0.0,0.0,3
1778,0.0,Monaco,0.0,0.0,0.0,0.0,1992,0.0,0.0,2
1779,0.0,Monaco,0.0,0.0,0.0,0.0,1996,0.0,0.0,3
1780,0.0,Monaco,0.0,0.0,0.0,0.0,2004,0.0,0.0,3
1781,0.0,Monaco,0.0,0.0,0.0,0.0,2008,0.0,0.0,5
1782,0.0,Monaco,0.0,0.0,0.0,0.0,1932,0.0,0.0,1
1783,0.0,Monaco,0.0,0.0,0.0,0.0,2020,0.0,0.0,5
1784,0.0,Monaco,0.0,0.0,0.0,0.0,2024,0.0,0.0,6
1847,0.0,Benin,0.0,0.0,0.0,0.0,1980,0.0,0.0,2
1848,0.0,Benin,0.0,0.0,0.0,0.0,1984,0.0,0.0,1
1849,0.0,Benin,0.0,0.0,0.0,0.0,1972,0.0,0.0,2
1850,0.0,Benin,0.0,0.0,0.0,0.0,1992,0.0,0.0,2
1851,0.0,Benin,0.0,0.0,0.0,0.0,1996,0.0,0.0,1
1852,0.0,Benin,0.0,0.0,0.0,0.0,2012,0.0,0.0,4
1853,0.0,Benin,0.0,0.0,0.0,0.0,2004,0.0,0.0,2
1854,0.0,Benin,0.0,0.0,0.0,0.0,1988,0.0,0.0,2
1855,0.0,Benin,0.0,0.0,0.0,0.0,2016,0.0,0.0,4
1856,0.0,Benin,0.0,0.0,0.0,0.0,2000,0.0,0.0,3
1857,0.0,Benin,0.0,0.0,0.0,0.0,2008,0.0,0.0,3
1858,0.0,Benin,0.0,0.0,0.0,0.0,2020,0.0,0.0,4
1859,0.0,Benin,0.0,0.0,0.0,0.0,2024,0.0,0.0,3
1875,0.0,Somalia,0.0,0.0,0.0,0.0,1972,0.0,0.0,1
1876,0.0,Somalia,0.0,0.0,0.0,0.0,2004,0.0,0.0,1
1877,0.0,Somalia,0.0,0.0,0.0,0.0,1988,0.0,0.0,1
1878,0.0,Somalia,0.0,0.0,0.0,0.0,1996,0.0,0.0,1
1879,0.0,Somalia,0.0,0.0,0.0,0.0,2000,0.0,0.0,1
1880,0.0,Somalia,0.0,0.0,0.0,0.0,1984,0.0,0.0,1
1881,0.0,Somalia,0.0,0.0,0.0,0.0,2012,0.0,0.0,1
1882,0.0,Somalia,0.0,0.0,0.0,0.0,2008,0.0,0.0,1
1883,0.0,Somalia,0.0,0.0,0.0,0.0,2016,0.0,0.0,1
1884,0.0,Somalia,0.0,0.0,0.0,0.0,2020,0.0,0.0,2
1885,0.0,Somalia,0.0,0.0,0.0,0.0,2024,0.0,0.0,1
1898,0.0,Mali,0.0,0.0,0.0,0.0,2004,0.0,0.0,4
1899,0.0,Mali,0.0,0.0,0.0,0.0,1968,0.0,0.0,2
1900,0.0,Mali,0.0,0.0,0.0,0.0,2008,0.0,0.0,4
1901,0.0,Mali,0.0,0.0,0.0,0.0,1996,0.0,0.0,1
1902,0.0,Mali,0.0,0.0,0.0,0.0,1972,0.0,0.0,2
1903,0.0,Mali,0.0,0.0,0.0,0.0,2000,0.0,0.0,3
1904,0.0,Mali,0.0,0.0,0.0,0.0,2012,0.0,0.0,4
1905,0.0,Mali,0.0,0.0,0.0,0.0,1988,0.0,0.0,3
1906,0.0,Mali,0.0,0.0,0.0,0.0,1964,0.0,0.0,1
1907,0.0,Mali,0.0,0.0,0.0,0.0,2016,0.0,0.0,4
1908,0.0,Mali,0.0,0.0,0.0,0.0,1992,0.0,0.0,2
1909,0.0,Mali,0.0,0.0,0.0,0.0,1980,0.0,0.0,3
1910,0.0,Mali,0.0,0.0,0.0,0.0,1984,0.0,0.0,3
1911,0.0,Mali,0.0,0.0,0.0,0.0,2020,0.0,0.0,3
1912,0.0,Mali,0.0,0.0,0.0,0.0,2024,0.0,0.0,5
2006,0.0,Angola,0.0,0.0,0.0,0.0,2008,0.0,0.0,6
2007,0.0,Angola,0.0,0.0,0.0,0.0,2016,0.0,0.0,7
2008,0.0,Angola,0.0,0.0,0.0,0.0,2000,0.0,0.0,5
2009,0.0,Angola,0.0,0.0,0.0,0.0,2004,0.0,0.0,5
2010,0.0,Angola,0.0,0.0,0.0,0.0,2012,0.0,0.0,6
2011,0.0,Angola,0.0,0.0,0.0,0.0,1988,0.0,0.0,4
2012,0.0,Angola,0.0,0.0,0.0,0.0,1996,0.0,0.0,5
2013,0.0,Angola,0.0,0.0,0.0,0.0,1980,0.0,0.0,3
2014,0.0,Angola,0.0,0.0,0.0,0.0,1992,0.0,0.0,6
2015,0.0,Angola,0.0,0.0,0.0,0.0,2020,0.0,0.0,5
2016,0.0,Angola,0.0,0.0,0.0,0.0,2024,0.0,0.0,7
2039,0.0,Bangladesh,0.0,0.0,0.0,0.0,2008,0.0,0.0,3
2040,0.0,Bangladesh,0.0,0.0,0.0,0.0,2016,0.0,0.0,5
2041,0.0,Bangladesh,0.0,0.0,0.0,0.0,2000,0.0,0.0,3
2042,0.0,Bangladesh,0.0,0.0,0.0,0.0,2004,0.0,0.0,3
2043,0.0,Bangladesh,0.0,0.0,0.0,0.0,1988,0.0,0.0,2
2044,0.0,Bangladesh,0.0,0.0,0.0,0.0,1996,0.0,0.0,3
2045,0.0,Bangladesh,0.0,0.0,0.0,0.0,1992,0.0,0.0,3
2046,0.0,Bangladesh,0.0,0.0,0.0,0.0,2012,0.0,0.0,5
2047,0.0,Bangladesh,0.0,0.0,0.0,0.0,1984,0.0,0.0,1
2048,0.0,Bangladesh,0.0,0.0,0.0,0.0,2020,0.0,0.0,4
2049,0.0,Bangladesh,0.0,0.0,0.0,0.0,2024,0.0,0.0,4
2067,0.0,El Salvador,0.0,0.0,0.0,0.0,1968,0.0,0.0,7
2068,0.0,El Salvador,0.0,0.0,0.0,0.0,2016,0.0,0.0,6
2069,0.0,El Salvador,0.0,0.0,0.0,0.0,2012,0.0,0.0,7
2070,0.0,El Salvador,0.0,0.0,0.0,0.0,1972,0.0,0.0,2
2071,0.0,El Salvador,0.0,0.0,0.0,0.0,2008,0.0,0.0,9
2072,0.0,El Salvador,0.0,0.0,0.0,0.0,1988,0.0,0.0,4
2073,0.0,El Salvador,0.0,0.0,0.0,0.0,1996,0.0,0.0,5
2074,0.0,El Salvador,0.0,0.0,0.0,0.0,1984,0.0,0.0,5
2075,0.0,El Salvador,0.0,0.0,0.0,0.0,1932,0.0,0.0,1
2076,0.0,El Salvador,0.0,0.0,0.0,0.0,2000,0.0,0.0,7
2077,0.0,El Salvador,0.0,0.0,0.0,0.0,2004,0.0,0.0,6
2078,0.0,El Salvador,0.0,0.0,0.0,0.0,1992,0.0,0.0,3
2079,0.0,El Salvador,0.0,0.0,0.0,0.0,2020,0.0,0.0,4
2080,0.0,El Salvador,0.0,0.0,0.0,0.0,2024,0.0,0.0,7
2102,0.0,Honduras,0.0,0.0,0.0,0.0,2016,0.0,0.0,7
2103,0.0,Honduras,0.0,0.0,0.0,0.0,2008,0.0,0.0,5
2104,0.0,Honduras,0.0,0.0,0.0,0.0,1988,0.0,0.0,3
2105,0.0,Honduras,0.0,0.0,0.0,0.0,1996,0.0,0.0,4
2106,0.0,Honduras,0.0,0.0,0.0,0.0,1984,0.0,0.0,3
2107,0.0,Honduras,0.0,0.0,0.0,0.0,1968,0.0,0.0,1
2108,0.0,Honduras,0.0,0.0,0.0,0.0,2004,0.0,0.0,4
2109,0.0,Honduras,0.0,0.0,0.0,0.0,1992,0.0,0.0,4
2110,0.0,Honduras,0.0,0.0,0.0,0.0,2012,0.0,0.0,8
2111,0.0,Honduras,0.0,0.0,0.0,0.0,2000,0.0,0.0,3
2112,0.0,Honduras,0.0,0.0,0.0,0.0,1976,0.0,0.0,1
2113,0.0,Honduras,0.0,0.0,0.0,0.0,2020,0.0,0.0,5
2114,0.0,Honduras,0.0,0.0,0.0,0.0,2024,0.0,0.0,3
2144,0.0,Seychelles,0.0,0.0,0.0,0.0,1992,0.0,0.0,4
2145,0.0,Seychelles,0.0,0.0,0.0,0.0,1980,0.0,0.0,2
2146,0.0,Seychelles,0.0,0.0,0.0,0.0,2008,0.0,0.0,6
2147,0.0,Seychelles,0.0,0.0,0.0,0.0,2012,0.0,0.0,4
2148,0.0,Seychelles,0.0,0.0,0.0,0.0,2016,0.0,0.0,6
2149,0.0,Seychelles,0.0,0.0,0.0,0.0,2004,0.0,0.0,7
2150,0.0,Seychelles,0.0,0.0,0.0,0.0,1996,0.0,0.0,5
2151,0.0,Seychelles,0.0,0.0,0.0,0.0,2000,0.0,0.0,5
2152,0.0,Seychelles,0.0,0.0,0.0,0.0,1984,0.0,0.0,2
2153,0.0,Seychelles,0.0,0.0,0.0,0.0,2020,0.0,0.0,4
2154,0.0,Seychelles,0.0,0.0,0.0,0.0,2024,0.0,0.0,2
2155,0.0,Czechia,0.0,0.0,0.0,0.0,1976,0.0,0.0,16
2156,0.0,Czechia,0.0,0.0,0.0,0.0,1980,0.0,0.0,21
2157,0.0,Czechia,0.0,0.0,0.0,0.0,1988,0.0,0.0,17
2158,0.0,Czechia,0.0,0.0,0.0,0.0,1992,0.0,0.0,25
2159,0.0,Czechia,0.0,0.0,0.0,0.0,1968,0.0,0.0,14
2160,0.0,Czechia,0.0,0.0,0.0,0.0,1972,0.0,0.0,17
2161,0.0,Czechia,0.0,0.0,0.0,0.0,2004,0.0,0.0,20
2162,0.0,Czechia,0.0,0.0,0.0,0.0,2000,0.0,0.0,20
2163,0.0,Czechia,0.0,0.0,0.0,0.0,1964,0.0,0.0,13
2164,0.0,Czechia,0.0,0.0,0.0,0.0,1924,0.0,0.0,16
2165,0.0,Czechia,0.0,0.0,0.0,0.0,1956,0.0,0.0,10
2166,0.0,Czechia,0.0,0.0,0.0,0.0,1928,0.0,0.0,14
2167,0.0,Czechia,0.0,0.0,0.0,0.0,2008,0.0,0.0,21
2168,0.0,Czechia,0.0,0.0,0.0,0.0,2012,0.0,0.0,21
2169,0.0,Czechia,0.0,0.0,0.0,0.0,2016,0.0,0.0,20
2170,0.0,Czechia,0.0,0.0,0.0,0.0,1920,0.0,0.0,13
2171,0.0,Czechia,0.0,0.0,0.0,0.0,1952,0.0,0.0,11
2172,0.0,Czechia,0.0,0.0,0.0,0.0,1936,0.0,0.0,17
2173,0.0,Czechia,0.0,0.0,0.0,0.0,1996,0.0,0.0,17
2174,0.0,Czechia,0.0,0.0,0.0,0.0,1932,0.0,0.0,4
2175,0.0,Czechia,0.0,0.0,0.0,0.0,1948,0.0,0.0,11
2176,0.0,Czechia,0.0,0.0,0.0,0.0,1912,0.0,0.0,8
2177,0.0,Czechia,0.0,0.0,0.0,0.0,1960,0.0,0.0,13
2178,0.0,Czechia,0.0,0.0,0.0,0.0,1908,0.0,0.0,5
2179,0.0,Czechia,0.0,0.0,0.0,0.0,1906,0.0,0.0,6
2180,0.0,Czechia,0.0,0.0,0.0,0.0,1900,0.0,0.0,4
2181,0.0,Czechia,0.0,0.0,0.0,0.0,2020,0.0,0.0,26
2182,0.0,Czechia,0.0,0.0,0.0,0.0,2024,0.0,0.0,27
2207,0.0,Mauritania,0.0,0.0,0.0,0.0,1988,0.0,0.0,2
2208,0.0,Mauritania,0.0,0.0,0.0,0.0,1992,0.0,0.0,1
2209,0.0,Mauritania,0.0,0.0,0.0,0.0,1996,0.0,0.0,1
2210,0.0,Mauritania,0.0,0.0,0.0,0.0,2016,0.0,0.0,1
2211,0.0,Mauritania,0.0,0.0,0.0,0.0,2008,0.0,0.0,1
2212,0.0,Mauritania,0.0,0.0,0.0,0.0,1984,0.0,0.0,1
2213,0.0,Mauritania,0.0,0.0,0.0,0.0,2000,0.0,0.0,1
2214,0.0,Mauritania,0.0,0.0,0.0,0.0,2012,0.0,0.0,1
2215,0.0,Mauritania,0.0,0.0,0.0,0.0,2004,0.0,0.0,1
2216,0.0,Mauritania,0.0,0.0,0.0,0.0,2020,0.0,0.0,1
2217,0.0,Mauritania,0.0,0.0,0.0,0.0,2024,0.0,0.0,2
2218,0.0,Saint Kitts and Nevis,0.0,0.0,0.0,0.0,2012,0.0,0.0,1
2219,0.0,Saint Kitts and Nevis,0.0,0.0,0.0,0.0,2016,0.0,0.0,1
2220,0.0,Saint Kitts and Nevis,0.0,0.0,0.0,0.0,1996,0.0,0.0,1
2221,0.0,Saint Kitts and Nevis,0.0,0.0,0.0,0.0,2000,0.0,0.0,1
2222,0.0,Saint Kitts and Nevis,0.0,0.0,0.0,0.0,2004,0.0,0.0,1
2223,0.0,Saint Kitts and Nevis,0.0,0.0,0.0,0.0,2008,0.0,0.0,1
2224,0.0,Saint Kitts and Nevis,0.0,0.0,0.0,0.0,2020,0.0,0.0,1
2225,0.0,Saint Kitts and Nevis,0.0,0.0,0.0,0.0,2024,0.0,0.0,2
2244,0.0,Saint Vincent and the Grenadines,0.0,0.0,0.0,0.0,1988,0.0,0.0,1
2245,0.0,Saint Vincent and the Grenadines,0.0,0.0,0.0,0.0,2012,0.0,0.0,2
2246,0.0,Saint Vincent and the Grenadines,0.0,0.0,0.0,0.0,2008,0.0,0.0,1
2247,0.0,Saint Vincent and the Grenadines,0.0,0.0,0.0,0.0,2016,0.0,0.0,2
2248,0.0,Saint Vincent and the Grenadines,0.0,0.0,0.0,0.0,1996,0.0,0.0,1
2249,0.0,Saint Vincent and the Grenadines,0.0,0.0,0.0,0.0,2000,0.0,0.0,2
2250,0.0,Saint Vincent and the Grenadines,0.0,0.0,0.0,0.0,1992,0.0,0.0,1
2251,0.0,Saint Vincent and the Grenadines,0.0,0.0,0.0,0.0,2004,0.0,0.0,2
2252,0.0,Saint Vincent and the Grenadines,0.0,0.0,0.0,0.0,2020,0.0,0.0,2
2253,0.0,Saint Vincent and the Grenadines,0.0,0.0,0.0,0.0,2024,0.0,0.0,2
2256,0.0,Liberia,0.0,0.0,0.0,0.0,2008,0.0,0.0,1
2257,0.0,Liberia,0.0,0.0,0.0,0.0,2012,0.0,0.0,1
2258,0.0,Liberia,0.0,0.0,0.0,0.0,1988,0.0,0.0,2
2259,0.0,Liberia,0.0,0.0,0.0,0.0,2000,0.0,0.0,1
2260,0.0,Liberia,0.0,0.0,0.0,0.0,1996,0.0,0.0,1
2261,0.0,Liberia,0.0,0.0,0.0,0.0,1984,0.0,0.0,1
2262,0.0,Liberia,0.0,0.0,0.0,0.0,1972,0.0,0.0,1
2263,0.0,Liberia,0.0,0.0,0.0,0.0,1956,0.0,0.0,1
2264,0.0,Liberia,0.0,0.0,0.0,0.0,1960,0.0,0.0,1
2265,0.0,Liberia,0.0,0.0,0.0,0.0,1964,0.0,0.0,1
2266,0.0,Liberia,0.0,0.0,0.0,0.0,2016,0.0,0.0,1
2267,0.0,Liberia,0.0,0.0,0.0,0.0,2004,0.0,0.0,1
2268,0.0,Liberia,0.0,0.0,0.0,0.0,2020,0.0,0.0,1
2269,0.0,Liberia,0.0,0.0,0.0,0.0,2024,0.0,0.0,1
2282,0.0,Nepal,0.0,0.0,0.0,0.0,2008,0.0,0.0,6
2283,0.0,Nepal,0.0,0.0,0.0,0.0,2004,0.0,0.0,4
2284,0.0,Nepal,0.0,0.0,0.0,0.0,1988,0.0,0.0,5
2285,0.0,Nepal,0.0,0.0,0.0,0.0,1980,0.0,0.0,3
2286,0.0,Nepal,0.0,0.0,0.0,0.0,2016,0.0,0.0,5
2287,0.0,Nepal,0.0,0.0,0.0,0.0,1996,0.0,0.0,4
2288,0.0,Nepal,0.0,0.0,0.0,0.0,2000,0.0,0.0,3
2289,0.0,Nepal,0.0,0.0,0.0,0.0,2012,0.0,0.0,3
2290,0.0,Nepal,0.0,0.0,0.0,0.0,1984,0.0,0.0,3
2291,0.0,Nepal,0.0,0.0,0.0,0.0,1964,0.0,0.0,2
2292,0.0,Nepal,0.0,0.0,0.0,0.0,1972,0.0,0.0,1
2293,0.0,Nepal,0.0,0.0,0.0,0.0,1976,0.0,0.0,1
2294,0.0,Nepal,0.0,0.0,0.0,0.0,1992,0.0,0.0,2
2295,0.0,Nepal,0.0,0.0,0.0,0.0,2020,0.0,0.0,4
2296,0.0,Nepal,0.0,0.0,0.0,0.0,2024,0.0,0.0,6
2304,0.0,Palau,0.0,0.0,0.0,0.0,2000,0.0,0.0,3
2305,0.0,Palau,0.0,0.0,0.0,0.0,2012,0.0,0.0,4
2306,0.0,Palau,0.0,0.0,0.0,0.0,2016,0.0,0.0,4
2307,0.0,Palau,0.0,0.0,0.0,0.0,2008,0.0,0.0,3
2308,0.0,Palau,0.0,0.0,0.0,0.0,2004,0.0,0.0,3
2309,0.0,Palau,0.0,0.0,0.0,0.0,2020,0.0,0.0,2
2310,0.0,Palau,0.0,0.0,0.0,0.0,2024,0.0,0.0,2
2349,0.0,American Samoa,0.0,0.0,0.0,0.0,2008,0.0,0.0,3
2350,0.0,American Samoa,0.0,0.0,0.0,0.0,1992,0.0,0.0,2
2351,0.0,American Samoa,0.0,0.0,0.0,0.0,1996,0.0,0.0,5
2352,0.0,American Samoa,0.0,0.0,0.0,0.0,2012,0.0,0.0,3
2353,0.0,American Samoa,0.0,0.0,0.0,0.0,1988,0.0,0.0,4
2354,0.0,American Samoa,0.0,0.0,0.0,0.0,2016,0.0,0.0,3
2355,0.0,American Samoa,0.0,0.0,0.0,0.0,2004,0.0,0.0,2
2356,0.0,American Samoa,0.0,0.0,0.0,0.0,2000,0.0,0.0,3
2357,0.0,American Samoa,0.0,0.0,0.0,0.0,2020,0.0,0.0,4
2358,0.0,American Samoa,0.0,0.0,0.0,0.0,2024,0.0,0.0,2
2369,0.0,Rwanda,0.0,0.0,0.0,0.0,2012,0.0,0.0,4
2370,0.0,Rwanda,0.0,0.0,0.0,0.0,1984,0.0,0.0,1
2371,0.0,Rwanda,0.0,0.0,0.0,0.0,2016,0.0,0.0,3
2372,0.0,Rwanda,0.0,0.0,0.0,0.0,2004,0.0,0.0,2
2373,0.0,Rwanda,0.0,0.0,0.0,0.0,2008,0.0,0.0,2
2374,0.0,Rwanda,0.0,0.0,0.0,0.0,1988,0.0,0.0,1
2375,0.0,Rwanda,0.0,0.0,0.0,0.0,2000,0.0,0.0,2
2376,0.0,Rwanda,0.0,0.0,0.0,0.0,1996,0.0,0.0,1
2377,0.0,Rwanda,0.0,0.0,0.0,0.0,1992,0.0,0.0,2
2378,0.0,Rwanda,0.0,0.0,0.0,0.0,2020,0.0,0.0,3
2379,0.0,Rwanda,0.0,0.0,0.0,0.0,2024,0.0,0.0,4
2403,0.0,Malta,0.0,0.0,0.0,0.0,1980,0.0,0.0,3
2404,0.0,Malta,0.0,0.0,0.0,0.0,1984,0.0,0.0,5
2405,0.0,Malta,0.0,0.0,0.0,0.0,1988,0.0,0.0,4
2406,0.0,Malta,0.0,0.0,0.0,0.0,2004,0.0,0.0,5
2407,0.0,Malta,0.0,0.0,0.0,0.0,2000,0.0,0.0,5
2408,0.0,Malta,0.0,0.0,0.0,0.0,2008,0.0,0.0,4
2409,0.0,Malta,0.0,0.0,0.0,0.0,1936,0.0,0.0,2
2410,0.0,Malta,0.0,0.0,0.0,0.0,2016,0.0,0.0,4
2411,0.0,Malta,0.0,0.0,0.0,0.0,1972,0.0,0.0,2
2412,0.0,Malta,0.0,0.0,0.0,0.0,1928,0.0,0.0,1
2413,0.0,Malta,0.0,0.0,0.0,0.0,1996,0.0,0.0,5
2414,0.0,Malta,0.0,0.0,0.0,0.0,1960,0.0,0.0,4
2415,0.0,Malta,0.0,0.0,0.0,0.0,2012,0.0,0.0,3
2416,0.0,Malta,0.0,0.0,0.0,0.0,1992,0.0,0.0,4
2417,0.0,Malta,0.0,0.0,0.0,0.0,1968,0.0,0.0,1
2418,0.0,Malta,0.0,0.0,0.0,0.0,1948,0.0,0.0,1
2419,0.0,Malta,0.0,0.0,0.0,0.0,2020,0.0,0.0,5
2420,0.0,Malta,0.0,0.0,0.0,0.0,2024,0.0,0.0,4
2431,0.0,Guinea,0.0,0.0,0.0,0.0,1980,0.0,0.0,3
2432,0.0,Guinea,0.0,0.0,0.0,0.0,1988,0.0,0.0,3
2433,0.0,Guinea,0.0,0.0,0.0,0.0,1992,0.0,0.0,2
2434,0.0,Guinea,0.0,0.0,0.0,0.0,2000,0.0,0.0,4
2435,0.0,Guinea,0.0,0.0,0.0,0.0,2016,0.0,0.0,3
2436,0.0,Guinea,0.0,0.0,0.0,0.0,1968,0.0,0.0,1
2437,0.0,Guinea,0.0,0.0,0.0,0.0,2008,0.0,0.0,3
2438,0.0,Guinea,0.0,0.0,0.0,0.0,2012,0.0,0.0,3
2439,0.0,Guinea,0.0,0.0,0.0,0.0,1984,0.0,0.0,1
2440,0.0,Guinea,0.0,0.0,0.0,0.0,1996,0.0,0.0,2
2441,0.0,Guinea,0.0,0.0,0.0,0.0,2004,0.0,0.0,3
2442,0.0,Guinea,0.0,0.0,0.0,0.0,2020,0.0,0.0,4
2443,0.0,Guinea,0.0,0.0,0.0,0.0,2024,0.0,0.0,5
2444,0.0,Belize,0.0,0.0,0.0,0.0,2004,0.0,0.0,1
2445,0.0,Belize,0.0,0.0,0.0,0.0,1968,0.0,0.0,4
2446,0.0,Belize,0.0,0.0,0.0,0.0,1988,0.0,0.0,2
2447,0.0,Belize,0.0,0.0,0.0,0.0,1984,0.0,0.0,3
2448,0.0,Belize,0.0,0.0,0.0,0.0,1992,0.0,0.0,2
2449,0.0,Belize,0.0,0.0,0.0,0.0,2008,0.0,0.0,2
2450,0.0,Belize,0.0,0.0,0.0,0.0,1996,0.0,0.0,2
2451,0.0,Belize,0.0,0.0,0.0,0.0,2016,0.0,0.0,2
2452,0.0,Belize,0.0,0.0,0.0,0.0,2000,0.0,0.0,1
2453,0.0,Belize,0.0,0.0,0.0,0.0,2012,0.0,0.0,2
2454,0.0,Belize,0.0,0.0,0.0,0.0,1972,0.0,0.0,1
2455,0.0,Belize,0.0,0.0,0.0,0.0,1976,0.0,0.0,2
2456,0.0,Belize,0.0,0.0,0.0,0.0,2020,0.0,0.0,2
2457,0.0,Belize,0.0,0.0,0.0,0.0,2024,0.0,0.0,1
2482,0.0,Sierra Leone,0.0,0.0,0.0,0.0,1980,0.0,0.0,2
2483,0.0,Sierra Leone,0.0,0.0,0.0,0.0,1992,0.0,0.0,1
2484,0.0,Sierra Leone,0.0,0.0,0.0,0.0,1996,0.0,0.0,3
2485,0.0,Sierra Leone,0.0,0.0,0.0,0.0,2004,0.0,0.0,1
2486,0.0,Sierra Leone,0.0,0.0,0.0,0.0,2000,0.0,0.0,2
2487,0.0,Sierra Leone,0.0,0.0,0.0,0.0,1984,0.0,0.0,2
2488,0.0,Sierra Leone,0.0,0.0,0.0,0.0,2008,0.0,0.0,2
2489,0.0,Sierra Leone,0.0,0.0,0.0,0.0,1968,0.0,0.0,2
2490,0.0,Sierra Leone,0.0,0.0,0.0,0.0,1988,0.0,0.0,4
2491,0.0,Sierra Leone,0.0,0.0,0.0,0.0,2016,0.0,0.0,2
2492,0.0,Sierra Leone,0.0,0.0,0.0,0.0,2012,0.0,0.0,1
2493,0.0,Sierra Leone,0.0,0.0,0.0,0.0,2020,0.0,0.0,3
2494,0.0,Sierra Leone,0.0,0.0,0.0,0.0,2024,0.0,0.0,3
2495,0.0,Papua New Guinea,0.0,0.0,0.0,0.0,1996,0.0,0.0,3
2496,0.0,Papua New Guinea,0.0,0.0,0.0,0.0,1988,0.0,0.0,4
2497,0.0,Papua New Guinea,0.0,0.0,0.0,0.0,1992,0.0,0.0,4
2498,0.0,Papua New Guinea,0.0,0.0,0.0,0.0,2016,0.0,0.0,6
2499,0.0,Papua New Guinea,0.0,0.0,0.0,0.0,2000,0.0,0.0,3
2500,0.0,Papua New Guinea,0.0,0.0,0.0,0.0,2004,0.0,0.0,3
2501,0.0,Papua New Guinea,0.0,0.0,0.0,0.0,2008,0.0,0.0,5
2502,0.0,Papua New Guinea,0.0,0.0,0.0,0.0,1984,0.0,0.0,2
2503,0.0,Papua New Guinea,0.0,0.0,0.0,0.0,1976,0.0,0.0,3
2504,0.0,Papua New Guinea,0.0,0.0,0.0,0.0,2012,0.0,0.0,5
2505,0.0,Papua New Guinea,0.0,0.0,0.0,0.0,2020,0.0,0.0,5
2506,0.0,Papua New Guinea,0.0,0.0,0.0,0.0,2024,0.0,0.0,5
2507,0.0,Yemen,0.0,0.0,0.0,0.0,2004,0.0,0.0,3
2508,0.0,Yemen,0.0,0.0,0.0,0.0,1992,0.0,0.0,2
2509,0.0,Yemen,0.0,0.0,0.0,0.0,2008,0.0,0.0,4
2510,0.0,Yemen,0.0,0.0,0.0,0.0,2012,0.0,0.0,3
2511,0.0,Yemen,0.0,0.0,0.0,0.0,1996,0.0,0.0,2
2512,0.0,Yemen,0.0,0.0,0.0,0.0,2000,0.0,0.0,1
2513,0.0,Yemen,0.0,0.0,0.0,0.0,2016,0.0,0.0,3
2514,0.0,Yemen,0.0,0.0,0.0,0.0,2020,0.0,0.0,4
2515,0.0,Yemen,0.0,0.0,0.0,0.0,2024,0.0,0.0,4
2516,0.0,Oman,0.0,0.0,0.0,0.0,1984,0.0,0.0,3
2517,0.0,Oman,0.0,0.0,0.0,0.0,2016,0.0,0.0,2
2518,0.0,Oman,0.0,0.0,0.0,0.0,1992,0.0,0.0,2
2519,0.0,Oman,0.0,0.0,0.0,0.0,1988,0.0,0.0,3
2520,0.0,Oman,0.0,0.0,0.0,0.0,2008,0.0,0.0,3
2521,0.0,Oman,0.0,0.0,0.0,0.0,2000,0.0,0.0,3
2522,0.0,Oman,0.0,0.0,0.0,0.0,2004,0.0,0.0,2
2523,0.0,Oman,0.0,0.0,0.0,0.0,2012,0.0,0.0,2
2524,0.0,Oman,0.0,0.0,0.0,0.0,1996,0.0,0.0,4
2525,0.0,Oman,0.0,0.0,0.0,0.0,2020,0.0,0.0,4
2526,0.0,Oman,0.0,0.0,0.0,0.0,2024,0.0,0.0,3
2540,0.0,Vanuatu,0.0,0.0,0.0,0.0,2012,0.0,0.0,3
2541,0.0,Vanuatu,0.0,0.0,0.0,0.0,1988,0.0,0.0,2
2542,0.0,Vanuatu,0.0,0.0,0.0,0.0,1992,0.0,0.0,1
2543,0.0,Vanuatu,0.0,0.0,0.0,0.0,1996,0.0,0.0,1
2544,0.0,Vanuatu,0.0,0.0,0.0,0.0,2004,0.0,0.0,1
2545,0.0,Vanuatu,0.0,0.0,0.0,0.0,2008,0.0,0.0,2
2546,0.0,Vanuatu,0.0,0.0,0.0,0.0,2000,0.0,0.0,2
2547,0.0,Vanuatu,0.0,0.0,0.0,0.0,2016,0.0,0.0,4
2548,0.0,Vanuatu,0.0,0.0,0.0,0.0,2020,0.0,0.0,3
2549,0.0,Vanuatu,0.0,0.0,0.0,0.0,2024,0.0,0.0,5
2582,0.0,British Virgin Islands,0.0,0.0,0.0,0.0,2012,0.0,0.0,1
2583,0.0,British Virgin Islands,0.0,0.0,0.0,0.0,1988,0.0,0.0,2
2584,0.0,British Virgin Islands,0.0,0.0,0.0,0.0,1996,0.0,0.0,2
2585,0.0,British Virgin Islands,0.0,0.0,0.0,0.0,1984,0.0,0.0,2
2586,0.0,British Virgin Islands,0.0,0.0,0.0,0.0,2000,0.0,0.0,1
2587,0.0,British Virgin Islands,0.0,0.0,0.0,0.0,2004,0.0,0.0,1
2588,0.0,British Virgin Islands,0.0,0.0,0.0,0.0,2008,0.0,0.0,1
2589,0.0,British Virgin Islands,0.0,0.0,0.0,0.0,2016,0.0,0.0,2
2590,0.0,British Virgin Islands,0.0,0.0,0.0,0.0,1992,0.0,0.0,2
2591,0.0,British Virgin Islands,0.0,0.0,0.0,0.0,2020,0.0,0.0,2
2592,0.0,British Virgin Islands,0.0,0.0,0.0,0.0,2024,0.0,0.0,2
2616,0.0,Central African Republic,0.0,0.0,0.0,0.0,2004,0.0,0.0,3
2617,0.0,Central African Republic,0.0,0.0,0.0,0.0,1992,0.0,0.0,3
2618,0.0,Central African Republic,0.0,0.0,0.0,0.0,1984,0.0,0.0,2
2619,0.0,Central African Republic,0.0,0.0,0.0,0.0,1988,0.0,0.0,3
2620,0.0,Central African Republic,0.0,0.0,0.0,0.0,1996,0.0,0.0,1
2621,0.0,Central African Republic,0.0,0.0,0.0,0.0,2008,0.0,0.0,2
2622,0.0,Central African Republic,0.0,0.0,0.0,0.0,2012,0.0,0.0,4
2623,0.0,Central African Republic,0.0,0.0,0.0,0.0,2016,0.0,0.0,4
2624,0.0,Central African Republic,0.0,0.0,0.0,0.0,2000,0.0,0.0,2
2625,0.0,Central African Republic,0.0,0.0,0.0,0.0,1968,0.0,0.0,1
2626,0.0,Central African Republic,0.0,0.0,0.0,0.0,2020,0.0,0.0,2
2627,0.0,Central African Republic,0.0,0.0,0.0,0.0,2024,0.0,0.0,3
2628,0.0,Madagascar,0.0,0.0,0.0,0.0,2012,0.0,0.0,5
2629,0.0,Madagascar,0.0,0.0,0.0,0.0,2016,0.0,0.0,4
2630,0.0,Madagascar,0.0,0.0,0.0,0.0,1972,0.0,0.0,2
2631,0.0,Madagascar,0.0,0.0,0.0,0.0,2004,0.0,0.0,5
2632,0.0,Madagascar,0.0,0.0,0.0,0.0,2008,0.0,0.0,4
2633,0.0,Madagascar,0.0,0.0,0.0,0.0,1980,0.0,0.0,4
2634,0.0,Madagascar,0.0,0.0,0.0,0.0,2000,0.0,0.0,4
2635,0.0,Madagascar,0.0,0.0,0.0,0.0,1984,0.0,0.0,2
2636,0.0,Madagascar,0.0,0.0,0.0,0.0,1964,0.0,0.0,1
2637,0.0,Madagascar,0.0,0.0,0.0,0.0,1992,0.0,0.0,6
2638,0.0,Madagascar,0.0,0.0,0.0,0.0,1996,0.0,0.0,4
2639,0.0,Madagascar,0.0,0.0,0.0,0.0,1968,0.0,0.0,2
2640,0.0,Madagascar,0.0,0.0,0.0,0.0,2020,0.0,0.0,4
2641,0.0,Madagascar,0.0,0.0,0.0,0.0,2024,0.0,0.0,5
2642,0.0,Bosnia and Herzegovina,0.0,0.0,0.0,0.0,2008,0.0,0.0,4
2643,0.0,Bosnia and Herzegovina,0.0,0.0,0.0,0.0,2016,0.0,0.0,5
2644,0.0,Bosnia and Herzegovina,0.0,0.0,0.0,0.0,1992,0.0,0.0,6
2645,0.0,Bosnia and Herzegovina,0.0,0.0,0.0,0.0,1996,0.0,0.0,7
2646,0.0,Bosnia and Herzegovina,0.0,0.0,0.0,0.0,2000,0.0,0.0,4
2647,0.0,Bosnia and Herzegovina,0.0,0.0,0.0,0.0,2004,0.0,0.0,8
2648,0.0,Bosnia and Herzegovina,0.0,0.0,0.0,0.0,2012,0.0,0.0,4
2649,0.0,Bosnia and Herzegovina,0.0,0.0,0.0,0.0,2020,0.0,0.0,5
2650,0.0,Bosnia and Herzegovina,0.0,0.0,0.0,0.0,2024,0.0,0.0,3
2651,0.0,Guam,0.0,0.0,0.0,0.0,2008,0.0,0.0,5
2652,0.0,Guam,0.0,0.0,0.0,0.0,1992,0.0,0.0,8
2653,0.0,Guam,0.0,0.0,0.0,0.0,1988,0.0,0.0,7
2654,0.0,Guam,0.0,0.0,0.0,0.0,2012,0.0,0.0,5
2655,0.0,Guam,0.0,0.0,0.0,0.0,1996,0.0,0.0,4
2656,0.0,Guam,0.0,0.0,0.0,0.0,2000,0.0,0.0,5
2657,0.0,Guam,0.0,0.0,0.0,0.0,2004,0.0,0.0,3
2658,0.0,Guam,0.0,0.0,0.0,0.0,2016,0.0,0.0,3
2659,0.0,Guam,0.0,0.0,0.0,0.0,2020,0.0,0.0,4
2660,0.0,Guam,0.0,0.0,0.0,0.0,2024,0.0,0.0,6
2661,0.0,Cayman Islands,0.0,0.0,0.0,0.0,2016,0.0,0.0,3
2662,0.0,Cayman Islands,0.0,0.0,0.0,0.0,1988,0.0,0.0,2
2663,0.0,Cayman Islands,0.0,0.0,0.0,0.0,1992,0.0,0.0,3
2664,0.0,Cayman Islands,0.0,0.0,0.0,0.0,1996,0.0,0.0,3
2665,0.0,Cayman Islands,0.0,0.0,0.0,0.0,1984,0.0,0.0,2
2666,0.0,Cayman Islands,0.0,0.0,0.0,0.0,2008,0.0,0.0,2
2667,0.0,Cayman Islands,0.0,0.0,0.0,0.0,2012,0.0,0.0,2
2668,0.0,Cayman Islands,0.0,0.0,0.0,0.0,2004,0.0,0.0,2
2669,0.0,Cayman Islands,0.0,0.0,0.0,0.0,1976,0.0,0.0,1
2670,0.0,Cayman Islands,0.0,0.0,0.0,0.0,2000,0.0,0.0,2
2671,0.0,Cayman Islands,0.0,0.0,0.0,0.0,2020,0.0,0.0,3
2672,0.0,Cayman Islands,0.0,0.0,0.0,0.0,2024,0.0,0.0,3
2686,0.0,Guinea-Bissau,0.0,0.0,0.0,0.0,1996,0.0,0.0,2
2687,0.0,Guinea-Bissau,0.0,0.0,0.0,0.0,2000,0.0,0.0,2
2688,0.0,Guinea-Bissau,0.0,0.0,0.0,0.0,2016,0.0,0.0,3
2689,0.0,Guinea-Bissau,0.0,0.0,0.0,0.0,2004,0.0,0.0,2
2690,0.0,Guinea-Bissau,0.0,0.0,0.0,0.0,2008,0.0,0.0,2
2691,0.0,Guinea-Bissau,0.0,0.0,0.0,0.0,2012,0.0,0.0,2
2692,0.0,Guinea-Bissau,0.0,0.0,0.0,0.0,2020,0.0,0.0,3
2693,0.0,Guinea-Bissau,0.0,0.0,0.0,0.0,2024,0.0,0.0,5
2694,0.0,Timor-Leste,0.0,0.0,0.0,0.0,2004,0.0,0.0,1
2695,0.0,Timor-Leste,0.0,0.0,0.0,0.0,2016,0.0,0.0,2
2696,0.0,Timor-Leste,0.0,0.0,0.0,0.0,2012,0.0,0.0,1
2697,0.0,Timor-Leste,0.0,0.0,0.0,0.0,2008,0.0,0.0,1
2698,0.0,Timor-Leste,0.0,0.0,0.0,0.0,2020,0.0,0.0,2
2699,0.0,Timor-Leste,0.0,0.0,0.0,0.0,2024,0.0,0.0,3
2700,0.0,Democratic Republic of the Congo,0.0,0.0,0.0,0.0,1996,0.0,0.0,2
2701,0.0,Democratic Republic of the Congo,0.0,0.0,0.0,0.0,1988,0.0,0.0,3
2702,0.0,Democratic Republic of the Congo,0.0,0.0,0.0,0.0,1992,0.0,0.0,4
2703,0.0,Democratic Republic of the Congo,0.0,0.0,0.0,0.0,2004,0.0,0.0,2
2704,0.0,Democratic Republic of the Congo,0.0,0.0,0.0,0.0,1984,0.0,0.0,2
2705,0.0,Democratic Republic of the Congo,0.0,0.0,0.0,0.0,1968,0.0,0.0,1
2706,0.0,Democratic Republic of the Congo,0.0,0.0,0.0,0.0,2000,0.0,0.0,1
2707,0.0,Democratic Republic of the Congo,0.0,0.0,0.0,0.0,2016,0.0,0.0,3
2708,0.0,Democratic Republic of the Congo,0.0,0.0,0.0,0.0,2012,0.0,0.0,3
2709,0.0,Democratic Republic of the Congo,0.0,0.0,0.0,0.0,2008,0.0,0.0,4
2710,0.0,Democratic Republic of the Congo,0.0,0.0,0.0,0.0,2020,0.0,0.0,4
2711,0.0,Democratic Republic of the Congo,0.0,0.0,0.0,0.0,2024,0.0,0.0,4
2738,0.0,Laos,0.0,0.0,0.0,0.0,1996,0.0,0.0,1
2739,0.0,Laos,0.0,0.0,0.0,0.0,2004,0.0,0.0,3
2740,0.0,Laos,0.0,0.0,0.0,0.0,1980,0.0,0.0,3
2741,0.0,Laos,0.0,0.0,0.0,0.0,2016,0.0,0.0,4
2742,0.0,Laos,0.0,0.0,0.0,0.0,2008,0.0,0.0,2
2743,0.0,Laos,0.0,0.0,0.0,0.0,2012,0.0,0.0,2
2744,0.0,Laos,0.0,0.0,0.0,0.0,2000,0.0,0.0,2
2745,0.0,Laos,0.0,0.0,0.0,0.0,1992,0.0,0.0,2
2746,0.0,Laos,0.0,0.0,0.0,0.0,1988,0.0,0.0,2
2747,0.0,Laos,0.0,0.0,0.0,0.0,2020,0.0,0.0,3
2748,0.0,Laos,0.0,0.0,0.0,0.0,2024,0.0,0.0,3
2759,0.0,Cambodia,0.0,0.0,0.0,0.0,1964,0.0,0.0,3
2760,0.0,Cambodia,0.0,0.0,0.0,0.0,2012,0.0,0.0,4
2761,0.0,Cambodia,0.0,0.0,0.0,0.0,1972,0.0,0.0,3
2762,0.0,Cambodia,0.0,0.0,0.0,0.0,2016,0.0,0.0,4
2763,0.0,Cambodia,0.0,0.0,0.0,0.0,1956,0.0,0.0,1
2764,0.0,Cambodia,0.0,0.0,0.0,0.0,2008,0.0,0.0,2
2765,0.0,Cambodia,0.0,0.0,0.0,0.0,2000,0.0,0.0,2
2766,0.0,Cambodia,0.0,0.0,0.0,0.0,2004,0.0,0.0,2
2767,0.0,Cambodia,0.0,0.0,0.0,0.0,1996,0.0,0.0,3
2768,0.0,Cambodia,0.0,0.0,0.0,0.0,2020,0.0,0.0,2
2769,0.0,Cambodia,0.0,0.0,0.0,0.0,2024,0.0,0.0,2
2770,0.0,Solomon Islands,0.0,0.0,0.0,0.0,1996,0.0,0.0,2
2771,0.0,Solomon Islands,0.0,0.0,0.0,0.0,1984,0.0,0.0,2
2772,0.0,Solomon Islands,0.0,0.0,0.0,0.0,1992,0.0,0.0,1
2773,0.0,Solomon Islands,0.0,0.0,0.0,0.0,1988,0.0,0.0,4
2774,0.0,Solomon Islands,0.0,0.0,0.0,0.0,2016,0.0,0.0,2
2775,0.0,Solomon Islands,0.0,0.0,0.0,0.0,2008,0.0,0.0,2
2776,0.0,Solomon Islands,0.0,0.0,0.0,0.0,2000,0.0,0.0,1
2777,0.0,Solomon Islands,0.0,0.0,0.0,0.0,2004,0.0,0.0,1
2778,0.0,Solomon Islands,0.0,0.0,0.0,0.0,2012,0.0,0.0,3
2779,0.0,Solomon Islands,0.0,0.0,0.0,0.0,2020,0.0,0.0,3
2780,0.0,Solomon Islands,0.0,0.0,0.0,0.0,2024,0.0,0.0,2
2796,0.0,Cape Verde,0.0,0.0,0.0,0.0,1996,0.0,0.0,1
2797,0.0,Cape Verde,0.0,0.0,0.0,0.0,2016,0.0,0.0,4
2798,0.0,Cape Verde,0.0,0.0,0.0,0.0,2008,0.0,0.0,2
2799,0.0,Cape Verde,0.0,0.0,0.0,0.0,2000,0.0,0.0,1
2800,0.0,Cape Verde,0.0,0.0,0.0,0.0,2004,0.0,0.0,3
2801,0.0,Cape Verde,0.0,0.0,0.0,0.0,2012,0.0,0.0,2
2802,0.0,Cape Verde,0.0,0.0,0.0,0.0,2020,0.0,0.0,5
2803,0.0,Cape Verde,0.0,0.0,0.0,0.0,2024,0.0,0.0,5
2804,0.0,Equatorial Guinea,0.0,0.0,0.0,0.0,1992,0.0,0.0,1
2805,0.0,Equatorial Guinea,0.0,0.0,0.0,0.0,1996,0.0,0.0,1
2806,0.0,Equatorial Guinea,0.0,0.0,0.0,0.0,2000,0.0,0.0,2
2807,0.0,Equatorial Guinea,0.0,0.0,0.0,0.0,1984,0.0,0.0,1
2808,0.0,Equatorial Guinea,0.0,0.0,0.0,0.0,1988,0.0,0.0,1
2809,0.0,Equatorial Guinea,0.0,0.0,0.0,0.0,2004,0.0,0.0,1
2810,0.0,Equatorial Guinea,0.0,0.0,0.0,0.0,2012,0.0,0.0,1
2811,0.0,Equatorial Guinea,0.0,0.0,0.0,0.0,2016,0.0,0.0,1
2812,0.0,Equatorial Guinea,0.0,0.0,0.0,0.0,2008,0.0,0.0,2
2813,0.0,Equatorial Guinea,0.0,0.0,0.0,0.0,2020,0.0,0.0,2
2814,0.0,Equatorial Guinea,0.0,0.0,0.0,0.0,2024,0.0,0.0,2
2815,0.0,Bolivia,0.0,0.0,0.0,0.0,1992,0.0,0.0,6
2816,0.0,Bolivia,0.0,0.0,0.0,0.0,1972,0.0,0.0,3
2817,0.0,Bolivia,0.0,0.0,0.0,0.0,1968,0.0,0.0,3
2818,0.0,Bolivia,0.0,0.0,0.0,0.0,1984,0.0,0.0,6
2819,0.0,Bolivia,0.0,0.0,0.0,0.0,2012,0.0,0.0,3
2820,0.0,Bolivia,0.0,0.0,0.0,0.0,1988,0.0,0.0,6
2821,0.0,Bolivia,0.0,0.0,0.0,0.0,1996,0.0,0.0,5
2822,0.0,Bolivia,0.0,0.0,0.0,0.0,2008,0.0,0.0,5
2823,0.0,Bolivia,0.0,0.0,0.0,0.0,2000,0.0,0.0,3
2824,0.0,Bolivia,0.0,0.0,0.0,0.0,2016,0.0,0.0,5
2825,0.0,Bolivia,0.0,0.0,0.0,0.0,1936,0.0,0.0,2
2826,0.0,Bolivia,0.0,0.0,0.0,0.0,2004,0.0,0.0,5
2827,0.0,Bolivia,0.0,0.0,0.0,0.0,1976,0.0,0.0,4
2828,0.0,Bolivia,0.0,0.0,0.0,0.0,1964,0.0,0.0,1
2829,0.0,Bolivia,0.0,0.0,0.0,0.0,2020,0.0,0.0,3
2830,0.0,Bolivia,0.0,0.0,0.0,0.0,2024,0.0,0.0,2
2831,0.0,Antigua and Barbuda,0.0,0.0,0.0,0.0,1992,0.0,0.0,3
2832,0.0,Antigua and Barbuda,0.0,0.0,0.0,0.0,2004,0.0,0.0,2
2833,0.0,Antigua and Barbuda,0.0,0.0,0.0,0.0,2008,0.0,0.0,2
2834,0.0,Antigua and Barbuda,0.0,0.0,0.0,0.0,2012,0.0,0.0,2
2835,0.0,Antigua and Barbuda,0.0,0.0,0.0,0.0,2016,0.0,0.0,2
2836,0.0,Antigua and Barbuda,0.0,0.0,0.0,0.0,1996,0.0,0.0,4
2837,0.0,Antigua and Barbuda,0.0,0.0,0.0,0.0,2000,0.0,0.0,2
2838,0.0,Antigua and Barbuda,0.0,0.0,0.0,0.0,1984,0.0,0.0,3
2839,0.0,Antigua and Barbuda,0.0,0.0,0.0,0.0,1988,0.0,0.0,4
2840,0.0,Antigua and Barbuda,0.0,0.0,0.0,0.0,1976,0.0,0.0,2
2841,0.0,Antigua and Barbuda,0.0,0.0,0.0,0.0,2020,0.0,0.0,4
2842,0.0,Antigua and Barbuda,0.0,0.0,0.0,0.0,2024,0.0,0.0,3
2843,0.0,Andorra,0.0,0.0,0.0,0.0,2016,0.0,0.0,4
2844,0.0,Andorra,0.0,0.0,0.0,0.0,1996,0.0,0.0,5
2845,0.0,Andorra,0.0,0.0,0.0,0.0,2000,0.0,0.0,3
2846,0.0,Andorra,0.0,0.0,0.0,0.0,2004,0.0,0.0,4
2847,0.0,Andorra,0.0,0.0,0.0,0.0,2008,0.0,0.0,4
2848,0.0,Andorra,0.0,0.0,0.0,0.0,2012,0.0,0.0,4
2849,0.0,Andorra,0.0,0.0,0.0,0.0,1992,0.0,0.0,5
2850,0.0,Andorra,0.0,0.0,0.0,0.0,1976,0.0,0.0,2
2851,0.0,Andorra,0.0,0.0,0.0,0.0,1980,0.0,0.0,1
2852,0.0,Andorra,0.0,0.0,0.0,0.0,1984,0.0,0.0,1
2853,0.0,Andorra,0.0,0.0,0.0,0.0,1988,0.0,0.0,2
2854,0.0,Andorra,0.0,0.0,0.0,0.0,2020,0.0,0.0,2
2855,0.0,Andorra,0.0,0.0,0.0,0.0,2024,0.0,0.0,2
2895,0.0,Federated States of Micronesia,0.0,0.0,0.0,0.0,2016,0.0,0.0,3
2896,0.0,Federated States of Micronesia,0.0,0.0,0.0,0.0,2004,0.0,0.0,3
2897,0.0,Federated States of Micronesia,0.0,0.0,0.0,0.0,2008,0.0,0.0,3
2898,0.0,Federated States of Micronesia,0.0,0.0,0.0,0.0,2012,0.0,0.0,4
2899,0.0,Federated States of Micronesia,0.0,0.0,0.0,0.0,2000,0.0,0.0,3
2900,0.0,Federated States of Micronesia,0.0,0.0,0.0,0.0,2020,0.0,0.0,2
2901,0.0,Federated States of Micronesia,0.0,0.0,0.0,0.0,2024,0.0,0.0,2
2902,0.0,Myanmar,0.0,0.0,0.0,0.0,2012,0.0,0.0,5
2903,0.0,Myanmar,0.0,0.0,0.0,0.0,1956,0.0,0.0,4
2904,0.0,Myanmar,0.0,0.0,0.0,0.0,1972,0.0,0.0,4
2905,0.0,Myanmar,0.0,0.0,0.0,0.0,1964,0.0,0.0,5
2906,0.0,Myanmar,0.0,0.0,0.0,0.0,2000,0.0,0.0,4
2907,0.0,Myanmar,0.0,0.0,0.0,0.0,1960,0.0,0.0,5
2908,0.0,Myanmar,0.0,0.0,0.0,0.0,1968,0.0,0.0,2
2909,0.0,Myanmar,0.0,0.0,0.0,0.0,1996,0.0,0.0,2
2910,0.0,Myanmar,0.0,0.0,0.0,0.0,2016,0.0,0.0,5
2911,0.0,Myanmar,0.0,0.0,0.0,0.0,1988,0.0,0.0,1
2912,0.0,Myanmar,0.0,0.0,0.0,0.0,1992,0.0,0.0,2
2913,0.0,Myanmar,0.0,0.0,0.0,0.0,1984,0.0,0.0,1
2914,0.0,Myanmar,0.0,0.0,0.0,0.0,2008,0.0,0.0,5
2915,0.0,Myanmar,0.0,0.0,0.0,0.0,1952,0.0,0.0,2
2916,0.0,Myanmar,0.0,0.0,0.0,0.0,1948,0.0,0.0,3
2917,0.0,Myanmar,0.0,0.0,0.0,0.0,2004,0.0,0.0,2
2918,0.0,Myanmar,0.0,0.0,0.0,0.0,1980,0.0,0.0,2
2919,0.0,Myanmar,0.0,0.0,0.0,0.0,2020,0.0,0.0,2
2920,0.0,Myanmar,0.0,0.0,0.0,0.0,2024,0.0,0.0,2
2921,0.0,Malawi,0.0,0.0,0.0,0.0,1984,0.0,0.0,3
2922,0.0,Malawi,0.0,0.0,0.0,0.0,1988,0.0,0.0,3
2923,0.0,Malawi,0.0,0.0,0.0,0.0,2008,0.0,0.0,2
2924,0.0,Malawi,0.0,0.0,0.0,0.0,2000,0.0,0.0,1
2925,0.0,Malawi,0.0,0.0,0.0,0.0,2004,0.0,0.0,2
2926,0.0,Malawi,0.0,0.0,0.0,0.0,1972,0.0,0.0,3
2927,0.0,Malawi,0.0,0.0,0.0,0.0,2016,0.0,0.0,3
2928,0.0,Malawi,0.0,0.0,0.0,0.0,1996,0.0,0.0,1
2929,0.0,Malawi,0.0,0.0,0.0,0.0,1992,0.0,0.0,1
2930,0.0,Malawi,0.0,0.0,0.0,0.0,2012,0.0,0.0,2
2931,0.0,Malawi,0.0,0.0,0.0,0.0,2020,0.0,0.0,4
2932,0.0,Malawi,0.0,0.0,0.0,0.0,2024,0.0,0.0,2
2945,0.0,Chinese Taipei[4],0.0,0.0,0.0,0.0,1996,0.0,0.0,14
2946,0.0,Chinese Taipei[4],0.0,0.0,0.0,0.0,1960,0.0,0.0,6
2947,0.0,Chinese Taipei[4],0.0,0.0,0.0,0.0,2016,0.0,0.0,18
2948,0.0,Chinese Taipei[4],0.0,0.0,0.0,0.0,1968,0.0,0.0,8
2949,0.0,Chinese Taipei[4],0.0,0.0,0.0,0.0,2000,0.0,0.0,14
2950,0.0,Chinese Taipei[4],0.0,0.0,0.0,0.0,2008,0.0,0.0,15
2951,0.0,Chinese Taipei[4],0.0,0.0,0.0,0.0,1988,0.0,0.0,13
2952,0.0,Chinese Taipei[4],0.0,0.0,0.0,0.0,1992,0.0,0.0,7
2953,0.0,Chinese Taipei[4],0.0,0.0,0.0,0.0,2012,0.0,0.0,14
2954,0.0,Chinese Taipei[4],0.0,0.0,0.0,0.0,2004,0.0,0.0,14
2955,0.0,Chinese Taipei[4],0.0,0.0,0.0,0.0,1964,0.0,0.0,7
2956,0.0,Chinese Taipei[4],0.0,0.0,0.0,0.0,1984,0.0,0.0,12
2957,0.0,Chinese Taipei[4],0.0,0.0,0.0,0.0,1972,0.0,0.0,10
2958,0.0,Chinese Taipei[4],0.0,0.0,0.0,0.0,1956,0.0,0.0,5
2959,0.0,Chinese Taipei[4],0.0,0.0,0.0,0.0,2020,0.0,0.0,18
2960,0.0,Chinese Taipei[4],0.0,0.0,0.0,0.0,2024,0.0,0.0,17
2961,0.0,São Tomé and Príncipe,0.0,0.0,0.0,0.0,1996,0.0,0.0,1
2962,0.0,São Tomé and Príncipe,0.0,0.0,0.0,0.0,2008,0.0,0.0,2
2963,0.0,São Tomé and Príncipe,0.0,0.0,0.0,0.0,2016,0.0,0.0,2
2964,0.0,São Tomé and Príncipe,0.0,0.0,0.0,0.0,2012,0.0,0.0,1
2965,0.0,São Tomé and Príncipe,0.0,0.0,0.0,0.0,2004,0.0,0.0,1
2966,0.0,São Tomé and Príncipe,0.0,0.0,0.0,0.0,2000,0.0,0.0,1
2967,0.0,São Tomé and Príncipe,0.0,0.0,0.0,0.0,2020,0.0,0.0,2
2968,0.0,São Tomé and Príncipe,0.0,0.0,0.0,0.0,2024,0.0,0.0,3
2976,0.0,Liechtenstein,0.0,0.0,0.0,0.0,1972,0.0,0.0,4
2977,0.0,Liechtenstein,0.0,0.0,0.0,0.0,1988,0.0,0.0,5
2978,0.0,Liechtenstein,0.0,0.0,0.0,0.0,1968,0.0,0.0,1
2979,0.0,Liechtenstein,0.0,0.0,0.0,0.0,1992,0.0,0.0,4
2980,0.0,Liechtenstein,0.0,0.0,0.0,0.0,1996,0.0,0.0,2
2981,0.0,Liechtenstein,0.0,0.0,0.0,0.0,1960,0.0,0.0,3
2982,0.0,Liechtenstein,0.0,0.0,0.0,0.0,1964,0.0,0.0,1
2983,0.0,Liechtenstein,0.0,0.0,0.0,0.0,1948,0.0,0.0,1
2984,0.0,Liechtenstein,0.0,0.0,0.0,0.0,1984,0.0,0.0,3
2985,0.0,Liechtenstein,0.0,0.0,0.0,0.0,1976,0.0,0.0,2
2986,0.0,Liechtenstein,0.0,0.0,0.0,0.0,1936,0.0,0.0,3
2987,0.0,Liechtenstein,0.0,0.0,0.0,0.0,2000,0.0,0.0,2
2988,0.0,Liechtenstein,0.0,0.0,0.0,0.0,2004,0.0,0.0,1
2989,0.0,Liechtenstein,0.0,0.0,0.0,0.0,2008,0.0,0.0,2
2990,0.0,Liechtenstein,0.0,0.0,0.0,0.0,1952,0.0,0.0,1
2991,0.0,Liechtenstein,0.0,0.0,0.0,0.0,2012,0.0,0.0,3
2992,0.0,Liechtenstein,0.0,0.0,0.0,0.0,2016,0.0,0.0,2
2993,0.0,Liechtenstein,0.0,0.0,0.0,0.0,2020,0.0,0.0,3
2994,0.0,Liechtenstein,0.0,0.0,0.0,0.0,2024,0.0,0.0,1
2999,0.0,The Gambia,0.0,0.0,0.0,0.0,2016,0.0,0.0,3
3000,0.0,The Gambia,0.0,0.0,0.0,0.0,1984,0.0,0.0,1
3001,0.0,The Gambia,0.0,0.0,0.0,0.0,2012,0.0,0.0,1
3002,0.0,The Gambia,0.0,0.0,0.0,0.0,1988,0.0,0.0,2
3003,0.0,The Gambia,0.0,0.0,0.0,0.0,1996,0.0,0.0,1
3004,0.0,The Gambia,0.0,0.0,0.0,0.0,2000,0.0,0.0,1
3005,0.0,The Gambia,0.0,0.0,0.0,0.0,2008,0.0,0.0,2
3006,0.0,The Gambia,0.0,0.0,0.0,0.0,1992,0.0,0.0,1
3007,0.0,The Gambia,0.0,0.0,0.0,0.0,2004,0.0,0.0,1
3008,0.0,The Gambia,0.0,0.0,0.0,0.0,2020,0.0,0.0,3
3009,0.0,The Gambia,0.0,0.0,0.0,0.0,2024,0.0,0.0,4
3010,0.0,Cook Islands,0.0,0.0,0.0,0.0,2016,0.0,0.0,5
3011,0.0,Cook Islands,0.0,0.0,0.0,0.0,2012,0.0,0.0,5
3012,0.0,Cook Islands,0.0,0.0,0.0,0.0,2004,0.0,0.0,2
3013,0.0,Cook Islands,0.0,0.0,0.0,0.0,2008,0.0,0.0,3
3014,0.0,Cook Islands,0.0,0.0,0.0,0.0,1988,0.0,0.0,3
3015,0.0,Cook Islands,0.0,0.0,0.0,0.0,1992,0.0,0.0,2
3016,0.0,Cook Islands,0.0,0.0,0.0,0.0,1996,0.0,0.0,3
3017,0.0,Cook Islands,0.0,0.0,0.0,0.0,2000,0.0,0.0,2
3018,0.0,Cook Islands,0.0,0.0,0.0,0.0,2020,0.0,0.0,4
3019,0.0,Cook Islands,0.0,0.0,0.0,0.0,2024,0.0,0.0,2
3029,0.0,Eswatini,0.0,0.0,0.0,0.0,2000,0.0,0.0,4
3030,0.0,Eswatini,0.0,0.0,0.0,0.0,2004,0.0,0.0,2
3031,0.0,Eswatini,0.0,0.0,0.0,0.0,2008,0.0,0.0,2
3032,0.0,Eswatini,0.0,0.0,0.0,0.0,1992,0.0,0.0,2
3033,0.0,Eswatini,0.0,0.0,0.0,0.0,1984,0.0,0.0,4
3034,0.0,Eswatini,0.0,0.0,0.0,0.0,1988,0.0,0.0,4
3035,0.0,Eswatini,0.0,0.0,0.0,0.0,2012,0.0,0.0,2
3036,0.0,Eswatini,0.0,0.0,0.0,0.0,1972,0.0,0.0,2
3037,0.0,Eswatini,0.0,0.0,0.0,0.0,1996,0.0,0.0,3
3038,0.0,Eswatini,0.0,0.0,0.0,0.0,2016,0.0,0.0,1
3039,0.0,Eswatini,0.0,0.0,0.0,0.0,2020,0.0,0.0,3
3040,0.0,Eswatini,0.0,0.0,0.0,0.0,2024,0.0,0.0,2
3057,0.0,Aruba,0.0,0.0,0.0,0.0,2000,0.0,0.0,3
3058,0.0,Aruba,0.0,0.0,0.0,0.0,2004,0.0,0.0,3
3059,0.0,Aruba,0.0,0.0,0.0,0.0,1992,0.0,0.0,3
3060,0.0,Aruba,0.0,0.0,0.0,0.0,1996,0.0,0.0,3
3061,0.0,Aruba,0.0,0.0,0.0,0.0,1988,0.0,0.0,5
3062,0.0,Aruba,0.0,0.0,0.0,0.0,2012,0.0,0.0,3
3063,0.0,Aruba,0.0,0.0,0.0,0.0,2016,0.0,0.0,4
3064,0.0,Aruba,0.0,0.0,0.0,0.0,2008,0.0,0.0,2
3065,0.0,Aruba,0.0,0.0,0.0,0.0,2020,0.0,0.0,2
3066,0.0,Aruba,0.0,0.0,0.0,0.0,2024,0.0,0.0,4
3067,0.0,Nauru,0.0,0.0,0.0,0.0,2016,0.0,0.0,2
3068,0.0,Nauru,0.0,0.0,0.0,0.0,2004,0.0,0.0,1
3069,0.0,Nauru,0.0,0.0,0.0,0.0,2008,0.0,0.0,1
3070,0.0,Nauru,0.0,0.0,0.0,0.0,2012,0.0,0.0,2
3071,0.0,Nauru,0.0,0.0,0.0,0.0,1996,0.0,0.0,1
3072,0.0,Nauru,0.0,0.0,0.0,0.0,2000,0.0,0.0,1
3073,0.0,Nauru,0.0,0.0,0.0,0.0,2020,0.0,0.0,2
3074,0.0,Nauru,0.0,0.0,0.0,0.0,2024,0.0,0.0,1
3088,0.0,Bhutan,0.0,0.0,0.0,0.0,1984,0.0,0.0,1
3089,0.0,Bhutan,0.0,0.0,0.0,0.0,2012,0.0,0.0,2
3090,0.0,Bhutan,0.0,0.0,0.0,0.0,2000,0.0,0.0,1
3091,0.0,Bhutan,0.0,0.0,0.0,0.0,2004,0.0,0.0,1
3092,0.0,Bhutan,0.0,0.0,0.0,0.0,2008,0.0,0.0,1
3093,0.0,Bhutan,0.0,0.0,0.0,0.0,1988,0.0,0.0,1
3094,0.0,Bhutan,0.0,0.0,0.0,0.0,1992,0.0,0.0,1
3095,0.0,Bhutan,0.0,0.0,0.0,0.0,1996,0.0,0.0,1
3096,0.0,Bhutan,0.0,0.0,0.0,0.0,2016,0.0,0.0,2
3097,0.0,Bhutan,0.0,0.0,0.0,0.0,2020,0.0,0.0,4
3098,0.0,Bhutan,0.0,0.0,0.0,0.0,2024,0.0,0.0,3
3099,0.0,Marshall Islands,0.0,0.0,0.0,0.0,2016,0.0,0.0,3
3100,0.0,Marshall Islands,0.0,0.0,0.0,0.0,2008,0.0,0.0,3
3101,0.0,Marshall Islands,0.0,0.0,0.0,0.0,2012,0.0,0.0,2
3102,0.0,Marshall Islands,0.0,0.0,0.0,0.0,2020,0.0,0.0,1
3103,0.0,Marshall Islands,0.0,0.0,0.0,0.0,2024,0.0,0.0,3
3104,0.0,Kiribati,0.0,0.0,0.0,0.0,2012,0.0,0.0,2
3105,0.0,Kiribati,0.0,0.0,0.0,0.0,2008,0.0,0.0,2
3106,0.0,Kiribati,0.0,0.0,0.0,0.0,2016,0.0,0.0,2
3107,0.0,Kiribati,0.0,0.0,0.0,0.0,2004,0.0,0.0,2
3108,0.0,Kiribati,0.0,0.0,0.0,0.0,2020,0.0,0.0,3
3109,0.0,Kiribati,0.0,0.0,0.0,0.0,2024,0.0,0.0,3
3110,0.0,Tuvalu,0.0,0.0,0.0,0.0,2008,0.0,0.0,2
3111,0.0,Tuvalu,0.0,0.0,0.0,0.0,2012,0.0,0.0,2
3112,0.0,Tuvalu,0.0,0.0,0.0,0.0,2016,0.0,0.0,1
3113,0.0,Tuvalu,0.0,0.0,0.0,0.0,2020,0.0,0.0,1
3114,0.0,Tuvalu,0.0,0.0,0.0,0.0,2024,0.0,0.0,1
3125,0.0,South Sudan,0.0,0.0,0.0,0.0,2016,0.0,0.0,1
3126,0.0,South Sudan,0.0,0.0,0.0,0.0,2020,0.0,0.0,1
3127,0.0,South Sudan,0.0,0.0,0.0,0.0,2024,0.0,0.0,2
3128,0.0,Lesotho,0.0,0.0,0.0,0.0,1980,0.0,0.0,1
3129,0.0,Lesotho,0.0,0.0,0.0,0.0,2000,0.0,0.0,3
3130,0.0,Lesotho,0.0,0.0,0.0,0.0,1988,0.0,0.0,2
3131,0.0,Lesotho,0.0,0.0,0.0,0.0,1996,0.0,0.0,1
3132,0.0,Lesotho,0.0,0.0,0.0,0.0,2008,0.0,0.0,2
3133,0.0,Lesotho,0.0,0.0,0.0,0.0,2004,0.0,0.0,2
3134,0.0,Lesotho,0.0,0.0,0.0,0.0,2012,0.0,0.0,2
3135,0.0,Lesotho,0.0,0.0,0.0,0.0,2016,0.0,0.0,3
3136,0.0,Lesotho,0.0,0.0,0.0,0.0,1992,0.0,0.0,1
3137,0.0,Lesotho,0.0,0.0,0.0,0.0,1984,0.0,0.0,2
3138,0.0,Lesotho,0.0,0.0,0.0,0.0,1972,0.0,0.0,1
3139,0.0,Lesotho,0.0,0.0,0.0,0.0,2020,0.0,0.0,1
3140,0.0,Lesotho,0.0,0.0,0.0,0.0,2024,0.0,0.0,2
3141,0.0,EOR,0.0,0.0,0.0,0.0,2020,0.0,0.0,12
3142,0.0,EOR,0.0,0.0,0.0,0.0,2024,0.0,0.0,13
3145,0.0,AIN,0.0,0.0,0.0,0.0,2024,0.0,0.0,10
